"tier","oem","model","osVersion","ramTier","networkProfile","installApk","installAab","loginFlow","pushForeground","pushBackground","pushTerminated","voiceCallSetup","videoCallSetup","call30mSoak","bluetoothRoute","networkHandover","result","notes","upgradeApk","upgradeAab","reinstallApk","reinstallAab","uninstallApk","uninstallAab","permissionsFlow","backgroundBehavior","batteryOptimization","callReconnect","call15mSoak","call60mSoak","interruptionHandling","notificationAction","oemAutostartPolicy","otpFlow","socialLoginFlow","sessionRefresh","authFailureMode","startupPerf","memoryRegression","batteryRegression","thermalRegression","playPrelaunchTriage","crashAnrClosure","rcSignoffPack"
"T1","Samsung","Galaxy S24","Android 14","high","WiFi-Stable","PENDING","PENDING","PENDING","PENDING","PENDING","PENDING","PENDING","PENDING","PENDING","PENDING","PENDING","PENDING","Primary flagship baseline","PENDING","PENDING","PENDING","PENDING","PENDING","PENDING","PENDING","PENDING","PENDING","PENDING","PENDING","PENDING","PENDING","PENDING","PENDING","PENDING","PENDING","PENDING","PENDING","PENDING","PENDING","PENDING","PENDING","PENDING","PENDING","PENDING"
"T1","Samsung","Galaxy A54","Android 13","mid","4G-Stable","PENDING","PENDING","PENDING","PENDING","PENDING","PENDING","PENDING","PENDING","PENDING","PENDING","PENDING","PENDING","High-volume mid-range","PENDING","PENDING","PENDING","PENDING","PENDING","PENDING","PENDING","PENDING","PENDING","PENDING","PENDING","PENDING","PENDING","PENDING","PENDING","PENDING","PENDING","PENDING","PENDING","PENDING","PENDING","PENDING","PENDING","PENDING","PENDING","PENDING"
"T1","Xiaomi","13T","Android 14","high","WiFi-Unstable","PENDING","PENDING","PENDING","PENDING","PENDING","PENDING","PENDING","PENDING","PENDING","PENDING","PENDING","PENDING","MIUI/HyperOS premium","PENDING","PENDING","PENDING","PENDING","PENDING","PENDING","PENDING","PENDING","PENDING","PENDING","PENDING","PENDING","PENDING","PENDING","PENDING","PENDING","PENDING","PENDING","PENDING","PENDING","PENDING","PENDING","PENDING","PENDING","PENDING","PENDING"
"T1","Redmi","Note 12","Android 13","mid","4G-Weak","PENDING","PENDING","PENDING","PENDING","PENDING","PENDING","PENDING","PENDING","PENDING","PENDING","PENDING","PENDING","MIUI mass-market","PENDING","PENDING","PENDING","PENDING","PENDING","PENDING","PENDING","PENDING","PENDING","PENDING","PENDING","PENDING","PENDING","PENDING","PENDING","PENDING","PENDING","PENDING","PENDING","PENDING","PENDING","PENDING","PENDING","PENDING","PENDING","PENDING"
"T1","Oppo","Reno 10","Android 14","mid","Network-Handover","PENDING","PENDING","PENDING","PENDING","PENDING","PENDING","PENDING","PENDING","PENDING","PENDING","PENDING","PENDING","ColorOS handover check","PENDING","PENDING","PENDING","PENDING","PENDING","PENDING","PENDING","PENDING","PENDING","PENDING","PENDING","PENDING","PENDING","PENDING","PENDING","PENDING","PENDING","PENDING","PENDING","PENDING","PENDING","PENDING","PENDING","PENDING","PENDING","PENDING"
"T1","Vivo","V29","Android 14","mid","WiFi-Stable","PENDING","PENDING","PENDING","PENDING","PENDING","PENDING","PENDING","PENDING","PENDING","PENDING","PENDING","PENDING","Funtouch baseline","PENDING","PENDING","PENDING","PENDING","PENDING","PENDING","PENDING","PENDING","PENDING","PENDING","PENDING","PENDING","PENDING","PENDING","PENDING","PENDING","PENDING","PENDING","PENDING","PENDING","PENDING","PENDING","PENDING","PENDING","PENDING","PENDING"
"T1","Motorola","Edge 40","Android 13","mid","4G-Stable","PENDING","PENDING","PENDING","PENDING","PENDING","PENDING","PENDING","PENDING","PENDING","PENDING","PENDING","PENDING","Near-stock high-priority","PENDING","PENDING","PENDING","PENDING","PENDING","PENDING","PENDING","PENDING","PENDING","PENDING","PENDING","PENDING","PENDING","PENDING","PENDING","PENDING","PENDING","PENDING","PENDING","PENDING","PENDING","PENDING","PENDING","PENDING","PENDING","PENDING"
"T2","Nokia","G42","Android 12","low","Network-Handover","PENDING","PENDING","PENDING","PENDING","PENDING","PENDING","PENDING","PENDING","PENDING","PENDING","PENDING","PENDING","Near-stock low-tier","PENDING","PENDING","PENDING","PENDING","PENDING","PENDING","PENDING","PENDING","PENDING","PENDING","PENDING","PENDING","PENDING","PENDING","PENDING","PENDING","PENDING","PENDING","PENDING","PENDING","PENDING","PENDING","PENDING","PENDING","PENDING","PENDING"
"T2","Samsung","Galaxy A14","Android 12","low","4G-Weak","PENDING","PENDING","PENDING","PENDING","PENDING","PENDING","PENDING","PENDING","PENDING","PENDING","PENDING","PENDING","Low RAM One UI","PENDING","PENDING","PENDING","PENDING","PENDING","PENDING","PENDING","PENDING","PENDING","PENDING","PENDING","PENDING","PENDING","PENDING","PENDING","PENDING","PENDING","PENDING","PENDING","PENDING","PENDING","PENDING","PENDING","PENDING","PENDING","PENDING"
"T2","Redmi","10C","Android 11","low","4G-Stable","PENDING","PENDING","PENDING","PENDING","PENDING","PENDING","PENDING","PENDING","PENDING","PENDING","PENDING","PENDING","Legacy MIUI low-tier","PENDING","PENDING","PENDING","PENDING","PENDING","PENDING","PENDING","PENDING","PENDING","PENDING","PENDING","PENDING","PENDING","PENDING","PENDING","PENDING","PENDING","PENDING","PENDING","PENDING","PENDING","PENDING","PENDING","PENDING","PENDING","PENDING"
"T2","Oppo","A77","Android 12","low","WiFi-Unstable","PENDING","PENDING","PENDING","PENDING","PENDING","PENDING","PENDING","PENDING","PENDING","PENDING","PENDING","PENDING","ColorOS low-tier","PENDING","PENDING","PENDING","PENDING","PENDING","PENDING","PENDING","PENDING","PENDING","PENDING","PENDING","PENDING","PENDING","PENDING","PENDING","PENDING","PENDING","PENDING","PENDING","PENDING","PENDING","PENDING","PENDING","PENDING","PENDING","PENDING"
"T2","Vivo","Y22","Android 12","low","WiFi-Stable","PENDING","PENDING","PENDING","PENDING","PENDING","PENDING","PENDING","PENDING","PENDING","PENDING","PENDING","PENDING","Funtouch low-tier","PENDING","PENDING","PENDING","PENDING","PENDING","PENDING","PENDING","PENDING","PENDING","PENDING","PENDING","PENDING","PENDING","PENDING","PENDING","PENDING","PENDING","PENDING","PENDING","PENDING","PENDING","PENDING","PENDING","PENDING","PENDING","PENDING"
"T2","Motorola","G73","Android 12","mid","Network-Handover","PENDING","PENDING","PENDING","PENDING","PENDING","PENDING","PENDING","PENDING","PENDING","PENDING","PENDING","PENDING","Near-stock mid-tier","PENDING","PENDING","PENDING","PENDING","PENDING","PENDING","PENDING","PENDING","PENDING","PENDING","PENDING","PENDING","PENDING","PENDING","PENDING","PENDING","PENDING","PENDING","PENDING","PENDING","PENDING","PENDING","PENDING","PENDING","PENDING","PENDING"
"T3","Samsung","Galaxy J8","Android 10","low","4G-Weak","PENDING","PENDING","PENDING","PENDING","PENDING","PENDING","PENDING","PENDING","PENDING","PENDING","PENDING","PENDING","Legacy device coverage","PENDING","PENDING","PENDING","PENDING","PENDING","PENDING","PENDING","PENDING","PENDING","PENDING","PENDING","PENDING","PENDING","PENDING","PENDING","PENDING","PENDING","PENDING","PENDING","PENDING","PENDING","PENDING","PENDING","PENDING","PENDING","PENDING"
"T3","Nokia","5.3","Android 11","low","WiFi-Stable","PENDING","PENDING","PENDING","PENDING","PENDING","PENDING","PENDING","PENDING","PENDING","PENDING","PENDING","PENDING","Legacy near-stock","PENDING","PENDING","PENDING","PENDING","PENDING","PENDING","PENDING","PENDING","PENDING","PENDING","PENDING","PENDING","PENDING","PENDING","PENDING","PENDING","PENDING","PENDING","PENDING","PENDING","PENDING","PENDING","PENDING","PENDING","PENDING","PENDING"
"T3","Xiaomi","Redmi 9","Android 10","low","WiFi-Unstable","PENDING","PENDING","PENDING","PENDING","PENDING","PENDING","PENDING","PENDING","PENDING","PENDING","PENDING","PENDING","Legacy MIUI","PENDING","PENDING","PENDING","PENDING","PENDING","PENDING","PENDING","PENDING","PENDING","PENDING","PENDING","PENDING","PENDING","PENDING","PENDING","PENDING","PENDING","PENDING","PENDING","PENDING","PENDING","PENDING","PENDING","PENDING","PENDING","PENDING"
"T3","Oppo","A5","Android 9","low","4G-Weak","PENDING","PENDING","PENDING","PENDING","PENDING","PENDING","PENDING","PENDING","PENDING","PENDING","PENDING","PENDING","Android 9 baseline","PENDING","PENDING","PENDING","PENDING","PENDING","PENDING","PENDING","PENDING","PENDING","PENDING","PENDING","PENDING","PENDING","PENDING","PENDING","PENDING","PENDING","PENDING","PENDING","PENDING","PENDING","PENDING","PENDING","PENDING","PENDING","PENDING"
"T3","Vivo","Y19","Android 10","low","Network-Handover","PENDING","PENDING","PENDING","PENDING","PENDING","PENDING","PENDING","PENDING","PENDING","PENDING","PENDING","PENDING","Legacy Funtouch","PENDING","PENDING","PENDING","PENDING","PENDING","PENDING","PENDING","PENDING","PENDING","PENDING","PENDING","PENDING","PENDING","PENDING","PENDING","PENDING","PENDING","PENDING","PENDING","PENDING","PENDING","PENDING","PENDING","PENDING","PENDING","PENDING"
"T3","Samsung","Galaxy A7","Android 8","low","4G-Stable","PENDING","PENDING","PENDING","PENDING","PENDING","PENDING","PENDING","PENDING","PENDING","PENDING","PENDING","PENDING","Android 8 floor","PENDING","PENDING","PENDING","PENDING","PENDING","PENDING","PENDING","PENDING","PENDING","PENDING","PENDING","PENDING","PENDING","PENDING","PENDING","PENDING","PENDING","PENDING","PENDING","PENDING","PENDING","PENDING","PENDING","PENDING","PENDING","PENDING"
"T3","Motorola","One","Android 9","low","WiFi-Stable","PENDING","PENDING","PENDING","PENDING","PENDING","PENDING","PENDING","PENDING","PENDING","PENDING","PENDING","PENDING","Android One fallback","PENDING","PENDING","PENDING","PENDING","PENDING","PENDING","PENDING","PENDING","PENDING","PENDING","PENDING","PENDING","PENDING","PENDING","PENDING","PENDING","PENDING","PENDING","PENDING","PENDING","PENDING","PENDING","PENDING","PENDING","PENDING","PENDING"
